g_uncond,g_callsite,cpu_sum,mem_sum,script_size,term_size,status
90,default,391973031,1162590,2007,2204,ok
100,default,391973031,1162590,2066,2268,ok
110,default,356473569,1034842,4135,4580,ok
120,default,356473569,1034842,4569,5068,ok
130,default,356473569,1034842,4648,5156,ok
140,default,356473569,1034842,4648,5156,ok
150,15,356473569,1034842,4648,5156,ok
150,30,356473569,1034842,4648,5156,ok
150,75,356473569,1034842,4648,5156,ok
100,30,391973031,1162590,2066,2268,ok
120,30,356473569,1034842,4569,5068,ok
